Fund Name,P1,P2,P3,P4,P5,Topsis Score,Rank
M1,0.65,0.42,6.9,53.7,15.42,0.3792092072114884,4
M2,0.95,0.9,4.9,36.0,10.69,0.42921808968678826,7
M3,0.65,0.42,6.5,42.5,12.52,0.16324525518472685,8
M4,0.84,0.71,4.7,67.4,18.41,0.7884927392229465,5
M5,0.7,0.49,5.3,53.5,15.0,0.44075525502230783,2
M6,0.72,0.52,3.8,45.0,12.51,0.3733621566749941,1
M7,0.73,0.53,6.7,65.2,18.29,0.583265648858728,6
M8,0.76,0.58,4.3,57.2,15.71,0.5826705229179953,3
